<manifest><control namespace="aubia" constructor="ExternalSpendImpact" version="0.0.62" display-name-key="ExternalSpendImpact" description-key="ExternalSpendImpact description" control-type="standard" api-version="1.3.18"><external-service-usage enabled="false" /><property name="selectedKPIs" display-name-key="Selected_KPIs" description-key="Selected KPIs JSON" of-type="SingleLine.Text" usage="bound" required="false" /><resources><code path="bundle.js" order="1" /><css path="css/ExternalSpendImpact.css" order="1" /></resources><feature-usage><uses-feature name="WebAPI" required="true" /></feature-usage><built-by name="pac" version="1.45.2" /></control></manifest>