<manifest><control namespace="Aubia" constructor="ExecutionReview" version="0.5.0" display-name-key="ExecutionReview" description-key="ExecutionReview description" control-type="virtual" api-version="1.3.18"><external-service-usage enabled="false" /><data-set name="sampleDataSet" display-name-key="Dataset_Display_Key" /><resources><code path="bundle.js" order="1" /><platform-library name="React" version="16.14.0" /><platform-library name="Fluent" version="9.46.2" /></resources><feature-usage /><built-by name="pac" version="1.47.1" /></control></manifest>