{
  "properties": {
    "connectionReferences": {
      "shared_powerbi": {
        "runtimeSource": "embedded",
        "connection": {
          "connectionReferenceLogicalName": "aubia_sharedpowerbi_96c04"
        },
        "api": {
          "name": "shared_powerbi"
        }
      }
    },
    "definition": {
      "$schema": "https://schema.management.azure.com/providers/Microsoft.Logic/schemas/2016-06-01/workflowdefinition.json#",
      "contentVersion": "1.0.0.0",
      "parameters": {
        "$connections": {
          "defaultValue": {},
          "type": "Object"
        },
        "$authentication": {
          "defaultValue": {},
          "type": "SecureObject"
        }
      },
      "triggers": {
        "Recurrence": {
          "recurrence": {
            "frequency": "Minute",
            "interval": 15,
            "startTime": "2024-03-26T02:00:00Z"
          },
          "metadata": {
            "operationMetadataId": "533b133c-b40d-47a6-aeed-01743a4bdca2"
          },
          "type": "Recurrence"
        }
      },
      "actions": {
        "Refresh_a_dataset": {
          "runAfter": {},
          "metadata": {
            "operationMetadataId": "ca84b714-ef1f-4b83-afa4-ea27ac86a6d7"
          },
          "type": "OpenApiConnection",
          "inputs": {
            "host": {
              "connectionName": "shared_powerbi",
              "operationId": "RefreshDataset",
              "apiId": "/providers/Microsoft.PowerApps/apis/shared_powerbi"
            },
            "parameters": {
              "groupid": "8a44f200-ddf2-46d1-8951-f7234cb48444",
              "datasetid": "25f2e2b4-b280-4af2-91bf-4410bcf966cd"
            },
            "authentication": "@parameters('$authentication')"
          }
        }
      }
    },
    "templateName": null
  },
  "schemaVersion": "1.0.0.0"
}