<manifest><control namespace="FullPotentialPCF" constructor="FPProjectGantt" version="1.0.1" display-name-key="FPProjectGantt" description-key="Full Potential Project Gantt Chart Control" control-type="virtual" api-version="1.3.18"><external-service-usage enabled="false" /><property name="ganttData" display-name-key="Gantt Data" description-key="Gantt chart data" of-type="SingleLine.Text" usage="bound" required="false" /><resources><code path="bundle.js" order="1" /><platform-library name="React" version="16.8.6" /><css path="css/BryntumGanttComponent.css" order="1" /><css path="css/gantt.stockholm.css" order="2" /></resources><feature-usage><uses-feature name="WebAPI" required="true" /></feature-usage><built-by name="pac" version="1.44.2" /></control></manifest>