<manifest><control namespace="aubia" constructor="FPDashboardControl" version="0.9.7" display-name-key="FPDashboard" description-key="Full Asset Potential Dashboard KPI Performance and Project Tracking" control-type="standard" api-version="1.3.18"><external-service-usage enabled="false" /><property name="selectedSite" display-name-key="Selected Site" description-key="Default selected site for the dashboard" of-type="SingleLine.Text" usage="input" required="false" /><property name="dateRange" display-name-key="Date Range" description-key="Date range filter (YTD, MTD, etc.)" of-type="SingleLine.Text" usage="input" required="false" /><property name="showSampleData" display-name-key="Show Sample Data" description-key="Show sample data for testing (true/false)" of-type="SingleLine.Text" usage="input" required="false" /><resources><code path="bundle.js" order="1" /></resources><feature-usage /><built-by name="pac" version="1.47.1" /></control></manifest>