<manifest><control namespace="Aubia" constructor="MyTaskWidget" version="1.0.40" display-name-key="MyTaskWidget" description-key="Task Management Dashboard" control-type="virtual" api-version="1.3.18"><external-service-usage enabled="false" /><data-set name="sampleDataSet" display-name-key="Dataset_Display_Key" /><resources><code path="bundle.js" order="1" /><platform-library name="React" version="16.14.0" /><platform-library name="Fluent" version="9.46.2" /></resources><feature-usage /><built-by name="pac" version="1.48.2" /></control></manifest>