<manifest><control namespace="FPProjectHealth" constructor="ProjectHealthComponent" version="0.0.2" display-name-key="ProjectHealthComponent" description-key="ProjectHealthComponent description" control-type="standard" api-version="1.3.18"><external-service-usage enabled="false" /><property name="dummyField" display-name-key="Dummy Field" description-key="Not used - component reads project ID from form context" of-type="SingleLine.Text" usage="bound" required="false" /><resources><code path="bundle.js" order="1" /></resources><feature-usage><uses-feature name="WebAPI" required="true" /></feature-usage><built-by name="pac" version="1.46.1" /></control></manifest>