<manifest><control namespace="aubia" constructor="GanttChart" version="2.8.18" display-name-key="Bryntum Gantt Chart" description-key="Professional Gantt chart with S-Curve integration" control-type="virtual" api-version="1.3.18"><external-service-usage enabled="false" /><property name="projectData" display-name-key="Project Data" description-key="Optional project data binding for custom data sources" of-type="Multiple" usage="bound" required="false" /><property name="width" display-name-key="Width" description-key="Component width in pixels (default: 1600)" of-type="Whole.None" usage="input" required="false" /><property name="height" display-name-key="Height" description-key="Component height in pixels (default: 1200)" of-type="Whole.None" usage="input" required="false" /><property name="projectId" display-name-key="Project ID" description-key="Current project record ID for filtering tasks" of-type="SingleLine.Text" usage="bound" required="false" /><property name="entityId" display-name-key="Entity ID" description-key="The ID of the current record" of-type="SingleLine.Text" usage="input" required="true" /><resources><code path="bundle.js" order="1" /><platform-library name="React" version="16.14.0" /><platform-library name="Fluent" version="9.46.2" /><css path="css/GanttChart.css" order="1" /></resources><feature-usage><uses-feature name="WebAPI" required="true" /></feature-usage><built-by name="pac" version="1.45.2" /></control></manifest>